record_type,event_id,event_name,generated_at,scheduled_date,tour,surface,best_of,fav_player_id,fav_name,fav_final_win_pct,fav_sim_win_pct,fav_elo_win_pct,fav_elo_rank,fav_elo_percentile,fav_serve_percentile,fav_return_percentile,fav_low_sample,fav_proj_games_won,fav_proj_games_lost,fav_proj_aces,fav_proj_dfs,fav_proj_1stIn_pct,fav_proj_1stWon_pct,fav_proj_2ndWon_pct,fav_proj_ret_won_pct,fav_proj_bp_faced,fav_proj_bp_saved,fav_ml_odds,fav_ml_book,fav_chart_elo_overall_pctile,fav_chart_elo_overall_rank,fav_chart_elo_overall_rank_qualified,fav_chart_elo_surface_rank,fav_chart_elo_surface_rank_qualified,tour_pool_size,fav_chart_elo_surface_pctile,fav_chart_svc_games_won_pctile,fav_chart_ret_games_won_pctile,fav_chart_aces_per_match_pctile,fav_chart_dfs_per_match_pctile,fav_chart_1st_serve_won_pctile,fav_chart_2nd_serve_won_pctile,fav_chart_bp_saved_pctile,fav_chart_sample_svpt,dog_player_id,dog_name,dog_final_win_pct,dog_sim_win_pct,dog_elo_win_pct,dog_elo_rank,dog_elo_percentile,dog_serve_percentile,dog_return_percentile,dog_low_sample,dog_proj_games_won,dog_proj_games_lost,dog_proj_aces,dog_proj_dfs,dog_proj_1stIn_pct,dog_proj_1stWon_pct,dog_proj_2ndWon_pct,dog_proj_ret_won_pct,dog_proj_bp_faced,dog_proj_bp_saved,dog_ml_odds,dog_ml_book,dog_chart_elo_overall_pctile,dog_chart_elo_overall_rank,dog_chart_elo_overall_rank_qualified,dog_chart_elo_surface_rank,dog_chart_elo_surface_rank_qualified,dog_chart_elo_surface_pctile,dog_chart_svc_games_won_pctile,dog_chart_ret_games_won_pctile,dog_chart_aces_per_match_pctile,dog_chart_dfs_per_match_pctile,dog_chart_1st_serve_won_pctile,dog_chart_2nd_serve_won_pctile,dog_chart_bp_saved_pctile,dog_chart_sample_svpt,proj_total_games,proj_total_games_raw,market_total_line,market_total_over_odds,market_total_under_odds,market_spread_line,market_spread_fav_odds,market_spread_dog_odds,hard_low_sample_flag,market,pick_side,pick_odds,pick_book,fav_odds,fav_model_prob,fav_market_prob,dog_odds,dog_model_prob,dog_market_prob,line,edge,grade,meets_threshold
MATCH,240589170,"ATP Shanghai, China  - Round Of 64","Oct 10, 2026 2:01 AM ET",2026-10-10T07:50:00Z,ATP,Hard,3.0,78022.0,Stefanos Tsitsipas,0.624,0.5671008244197415,0.5586,21.0,96.0,90.8,48.6,False,13.793,12.837,7.85,2.71,0.6064,0.7633,0.5354,0.3438,4.56,3.151,-249.0,SportingBet,96.0,21.0,True,22.0,True,502.0,95.8,90.8,48.6,84.5,53.7,90.8,84.0,51.6,4060.0,116009.0,Luciano Darderi,0.376,0.4328991755802585,0.4414,41.0,92.0,60.9,75.1,False,12.837,13.793,6.72,2.81,0.5994,0.7049,0.4911,0.3686,5.512,3.693,199.0,FanDuel,92.4,39.0,True,43.0,True,91.6,51.6,75.1,71.9,52.9,60.9,45.5,25.1,4441.0,24.01,24.53,23.5,-110.0,-132.5,2.5,-147.5,102.5,False,,,,,,,,,,,,,,
BESTBET,240589170,,,,,,,,Stefanos Tsitsipas,,,,,,,,,,,,,,,,,,,,,,,,,,,,,,,,,,,,,Luciano Darderi,,,,,,,,,,,,,,,,,,,,,,,,,,,,,,,,,,,,,,,,,,,,Moneyline,Luciano Darderi,199.0,FanDuel,-249.0,0.6239725391222904,0.6808442538248394,199.0,0.37602746087770955,0.31915574617516074,,0.031020935292299417,C,False
BESTBET,240589170,,,,,,,,Stefanos Tsitsipas,,,,,,,,,,,,,,,,,,,,,,,,,,,,,,,,,,,,,Luciano Darderi,,,,,,,,,,,,,,,,,,,,,,,,,,,,,,,,,,,,,,,,,,,,Games Spread,Luciano Darderi +2.5,105.0,DraftKings,-150.0,0.4267,0.5515695067264573,105.0,0.5732999999999999,0.4484304932735427,2.5,0.027748779272546084,D,False
BESTBET,240589170,,,,,,,,Over,,,,,,,,,,,,,,,,,,,,,,,,,,,,,,,,,,,,,Under,,,,,,,,,,,,,,,,,,,,,,,,,,,,,,,,,,,,,,,,,,,,Total Games,Over 23.5,-110.0,DraftKings,-110.0,0.5392,0.4789325842696629,-132.5,0.4608,0.5210674157303371,23.5,0.01048128969223254,D,False
MATCH,240589180,"ATP Shanghai, China  - Round Of 64","Oct 10, 2026 2:01 AM ET",2026-10-10T06:40:00Z,ATP,Hard,3.0,163228.0,Arthur Fils,0.8422,0.8036125269328626,0.7858,6.0,99.0,76.3,75.5,False,14.338,11.21,5.61,2.11,0.6374,0.7316,0.5785,0.369,1.415,1.124,-1200.0,Bet365,99.0,6.0,True,6.0,True,502.0,99.0,92.2,75.5,74.1,59.6,76.3,97.2,24.7,4428.0,77078.0,Pavel Kotov,0.1578,0.19638747306713747,0.2142,113.0,77.7,87.3,43.0,False,11.21,14.338,6.84,0.91,0.6795,0.753,0.6456,0.3383,4.772,3.234,700.0,FanDuel,78.5,109.0,True,117.0,True,76.9,99.0,43.0,77.9,95.8,87.3,99.2,57.2,448.0,22.57,24.63,20.5,-110.0,-130.0,4.5,-180.0,122.5,False,,,,,,,,,,,,,,
BESTBET,240589180,,,,,,,,Arthur Fils,,,,,,,,,,,,,,,,,,,,,,,,,,,,,,,,,,,,,Pavel Kotov,,,,,,,,,,,,,,,,,,,,,,,,,,,,,,,,,,,,,,,,,,,,Moneyline,Pavel Kotov,700.0,FanDuel,-1200.0,0.8421732359434955,0.8807339449541285,700.0,0.15782676405650453,0.11926605504587155,,0.021033114005799828,D,False
BESTBET,240589180,,,,,,,,Arthur Fils,,,,,,,,,,,,,,,,,,,,,,,,,,,,,,,,,,,,,Pavel Kotov,,,,,,,,,,,,,,,,,,,,,,,,,,,,,,,,,,,,,,,,,,,,Games Spread,Pavel Kotov +4.5,122.5,DraftKings,-180.0,0.2421,0.588537839823659,122.5,0.7579,0.41146216017634096,4.5,0.07698618662747979,A,True
BESTBET,240589180,,,,,,,,Over,,,,,,,,,,,,,,,,,,,,,,,,,,,,,,,,,,,,,Under,,,,,,,,,,,,,,,,,,,,,,,,,,,,,,,,,,,,,,,,,,,,Total Games,Over 20.5,-5.0,DraftKings,-5.0,0.7293,0.5,-135.0,0.27070000000000005,0.5,20.5,0.03987826086956519,C,False
MATCH,240589280,"ATP Shanghai, China  - Round Of 64","Oct 10, 2026 2:01 AM ET",2026-10-10T05:30:00Z,ATP,Hard,3.0,76966.0,Taylor Fritz,0.7601,0.7376316011044304,0.7185,8.0,98.6,95.8,54.4,False,14.105,11.111,11.33,1.7,0.6558,0.7783,0.5351,0.3493,2.748,2.041,-456.0,BetfairUK,98.6,8.0,True,9.0,True,502.0,98.4,97.6,54.4,99.4,80.8,95.8,83.5,45.9,5890.0,83892.0,Matteo Arnaldi,0.2399,0.2623683988955696,0.2815,69.0,86.5,64.9,51.8,False,11.111,14.105,5.48,3.71,0.597,0.7113,0.4688,0.348,5.788,3.8,339.0,DraftKings,86.9,67.0,True,77.0,True,84.9,47.4,51.8,60.4,22.3,64.9,33.5,48.2,2494.0,23.23,23.97,22.5,-5.0,-136.5,3.5,-145.0,102.5,False,,,,,,,,,,,,,,
BESTBET,240589280,,,,,,,,Taylor Fritz,,,,,,,,,,,,,,,,,,,,,,,,,,,,,,,,,,,,,Matteo Arnaldi,,,,,,,,,,,,,,,,,,,,,,,,,,,,,,,,,,,,,,,,,,,,Moneyline,Matteo Arnaldi,339.0,DraftKings,-456.0,0.7601303472009501,0.7826290932974698,339.0,0.23986965279904993,0.21737090670253026,,0.012272043325374378,D,False
BESTBET,240589280,,,,,,,,Taylor Fritz,,,,,,,,,,,,,,,,,,,,,,,,,,,,,,,,,,,,,Matteo Arnaldi,,,,,,,,,,,,,,,,,,,,,,,,,,,,,,,,,,,,,,,,,,,,Games Spread,Matteo Arnaldi +3.5,105.0,DraftKings,-145.0,0.5079,0.5481788842784694,105.0,0.4921,0.4518211157215306,3.5,0.008950863172993194,D,False
BESTBET,240589280,,,,,,,,Over,,,,,,,,,,,,,,,,,,,,,,,,,,,,,,,,,,,,,Under,,,,,,,,,,,,,,,,,,,,,,,,,,,,,,,,,,,,,,,,,,,,Total Games,Under 22.5,-138.0,DraftKings,100.0,0.4597,0.4630350194552528,-138.0,0.5403,0.5369649805447472,22.5,0.0005800033835222313,D,False
MATCH,240589910,"ATP Shanghai, China  - Round Of 64","Oct 10, 2026 2:01 AM ET",2026-10-10T06:40:00Z,ATP,Hard,3.0,243549.0,Learner Tien,0.6943,0.6768901980667512,0.6659,29.0,94.4,72.3,81.5,False,13.838,11.662,5.63,3.3,0.6335,0.7235,0.5174,0.3741,4.395,3.068,-294.0,DraftKings,94.2,30.0,True,23.0,True,502.0,95.6,75.1,81.5,63.7,31.6,72.3,69.9,18.7,6183.0,82746.0,Zachary Svajda,0.3057,0.32310980193324873,0.3341,99.0,80.5,81.5,74.5,False,11.662,13.838,7.81,2.25,0.6151,0.7403,0.5018,0.3684,6.43,4.134,231.0,FanDuel,80.3,100.0,True,98.0,True,80.7,75.3,74.5,83.4,71.1,81.5,55.8,25.7,3073.0,23.22,23.95,22.5,-2.5,-140.0,2.5,-185.0,125.0,False,,,,,,,,,,,,,,
BESTBET,240589910,,,,,,,,Learner Tien,,,,,,,,,,,,,,,,,,,,,,,,,,,,,,,,,,,,,Zachary Svajda,,,,,,,,,,,,,,,,,,,,,,,,,,,,,,,,,,,,,,,,,,,,Moneyline,Zachary Svajda,231.0,FanDuel,-294.0,0.6943486641400947,0.7118071302134382,231.0,0.30565133585990534,0.2881928697865617,,0.009522799676369213,D,False
BESTBET,240589910,,,,,,,,Learner Tien,,,,,,,,,,,,,,,,,,,,,,,,,,,,,,,,,,,,,Zachary Svajda,,,,,,,,,,,,,,,,,,,,,,,,,,,,,,,,,,,,,,,,,,,,Games Spread,Zachary Svajda +2.5,125.0,DraftKings,-185.0,0.5764,0.5935828877005348,125.0,0.4236,0.4064171122994652,2.5,0.003818419489007704,D,False
BESTBET,240589910,,,,,,,,Over,,,,,,,,,,,,,,,,,,,,,,,,,,,,,,,,,,,,,Under,,,,,,,,,,,,,,,,,,,,,,,,,,,,,,,,,,,,,,,,,,,,Total Games,Over 22.5,-2.5,DraftKings,-2.5,0.5054,0.5,-140.0,0.49460000000000004,0.5,22.5,0.0009391304347825824,D,False
MATCH,240589920,"ATP Shanghai, China  - Round Of 64","Oct 10, 2026 2:01 AM ET",2026-10-10T07:50:00Z,ATP,Hard,3.0,77001.0,Tommy Paul,0.676,0.7051378225969289,0.6904,14.0,97.4,83.4,80.1,False,13.838,11.185,5.8,1.64,0.621,0.7427,0.547,0.3726,4.111,2.862,-211.0,SportingBet,97.4,14.0,True,15.0,True,502.0,97.2,87.6,80.1,67.5,85.0,83.4,87.5,20.1,5262.0,281154.0,Adolfo Daniel Vallejo,0.324,0.2948621774030711,0.3096,93.0,81.7,58.9,78.3,False,11.185,13.838,4.5,3.44,0.6478,0.7028,0.4812,0.3715,6.65,4.221,170.0,Bet365,81.5,94.0,True,88.0,True,82.7,58.1,78.3,45.5,31.6,58.9,40.1,21.9,1827.0,22.06,23.61,20.5,-200.0,135.0,2.5,-145.0,100.0,False,,,,,,,,,,,,,,
BESTBET,240589920,,,,,,,,Tommy Paul,,,,,,,,,,,,,,,,,,,,,,,,,,,,,,,,,,,,,Adolfo Daniel Vallejo,,,,,,,,,,,,,,,,,,,,,,,,,,,,,,,,,,,,,,,,,,,,Moneyline,Tommy Paul,-211.0,DraftKings,-211.0,0.6760048145572359,0.6468718065175428,170.0,0.32399518544276407,0.3531281934824571,,0.015890731658014415,D,False
BESTBET,240589920,,,,,,,,Tommy Paul,,,,,,,,,,,,,,,,,,,,,,,,,,,,,,,,,,,,,Adolfo Daniel Vallejo,,,,,,,,,,,,,,,,,,,,,,,,,,,,,,,,,,,,,,,,,,,,Games Spread,Tommy Paul -2.5,-147.5,DraftKings,-147.5,0.6291,0.543778801843318,100.0,0.3709,0.45622119815668205,2.5,0.01896026625704043,D,False
BESTBET,240589920,,,,,,,,Over,,,,,,,,,,,,,,,,,,,,,,,,,,,,,,,,,,,,,Under,,,,,,,,,,,,,,,,,,,,,,,,,,,,,,,,,,,,,,,,,,,,Total Games,Over 20.5,-200.0,DraftKings,-200.0,0.647,0.6103896103896104,135.0,0.353,0.38961038961038963,20.5,0.006367024280067746,D,False
MATCH,240590920,"ATP Shanghai, China  - Round Of 64","Oct 10, 2026 2:01 AM ET",2026-10-10T11:10:00Z,ATP,Hard,3.0,83668.0,Valentin Vacherot,0.6687,0.5910541970628628,0.5814,52.0,89.8,90.4,37.4,False,13.69,12.374,9.52,3.31,0.6487,0.7626,0.5058,0.334,4.721,3.243,-359.0,Caesars,89.6,53.0,True,48.0,True,502.0,90.6,89.9,37.4,92.6,34.9,90.4,59.0,62.8,4709.0,77825.0,Sebastian Baez,0.3313,0.4089458029371372,0.4186,73.0,85.7,18.8,77.3,False,12.374,13.69,2.12,2.08,0.7253,0.6265,0.513,0.3707,5.927,3.869,276.0,FanDuel,86.7,68.0,True,83.0,True,83.7,36.7,77.3,14.0,76.6,18.8,66.3,22.9,3000.0,23.29,24.08,22.5,-107.5,-135.0,3.5,-145.0,100.0,False,,,,,,,,,,,,,,
BESTBET,240590920,,,,,,,,Valentin Vacherot,,,,,,,,,,,,,,,,,,,,,,,,,,,,,,,,,,,,,Sebastian Baez,,,,,,,,,,,,,,,,,,,,,,,,,,,,,,,,,,,,,,,,,,,,Moneyline,Sebastian Baez,276.0,FanDuel,-359.0,0.6686502050527379,0.746246213042613,276.0,0.33134979494726213,0.25375378695738704,,0.04232509526720459,C+,False
BESTBET,240590920,,,,,,,,Valentin Vacherot,,,,,,,,,,,,,,,,,,,,,,,,,,,,,,,,,,,,,Sebastian Baez,,,,,,,,,,,,,,,,,,,,,,,,,,,,,,,,,,,,,,,,,,,,Games Spread,Sebastian Baez +3.5,100.0,DraftKings,-147.5,0.3467,0.543778801843318,100.0,0.6533,0.45622119815668205,3.5,0.0437952892985151,C+,False
BESTBET,240590920,,,,,,,,Over,,,,,,,,,,,,,,,,,,,,,,,,,,,,,,,,,,,,,Under,,,,,,,,,,,,,,,,,,,,,,,,,,,,,,,,,,,,,,,,,,,,Total Games,Over 22.5,-107.5,DraftKings,-107.5,0.5435,0.4741905208822149,-135.0,0.4565,0.5258094791177851,22.5,0.012053822455266967,D,False
MATCH,240590930,"ATP Shanghai, China  - Round Of 64","Oct 10, 2026 2:01 AM ET",2026-10-10T10:00:00Z,ATP,Hard,3.0,87163.0,Carlos Alcaraz,0.9106,0.8914864723194525,0.8777,2.0,99.8,76.9,97.2,False,13.207,8.135,3.29,1.57,0.6783,0.7321,0.5597,0.4081,2.221,1.669,-3600.0,Bet365,99.8,2.0,True,2.0,True,502.0,99.8,92.6,97.2,42.9,75.9,76.9,93.0,3.0,5376.0,82782.0,Juan Manuel Cerundolo,0.0894,0.10851352768054745,0.1223,75.0,85.3,72.9,45.9,False,8.135,13.207,5.31,2.53,0.5305,0.7248,0.5228,0.3411,7.125,4.247,1260.0,Bet365,86.1,71.0,True,84.0,True,83.5,63.0,45.9,65.7,50.2,72.9,74.3,54.3,2191.0,19.68,20.87,18.5,-140.0,-105.0,5.5,-160.0,110.0,False,,,,,,,,,,,,,,
BESTBET,240590930,,,,,,,,Carlos Alcaraz,,,,,,,,,,,,,,,,,,,,,,,,,,,,,,,,,,,,,Juan Manuel Cerundolo,,,,,,,,,,,,,,,,,,,,,,,,,,,,,,,,,,,,,,,,,,,,Moneyline,Juan Manuel Cerundolo,1260.0,Bet365,-3600.0,0.9106122069155181,0.9297379415115837,1260.0,0.08938779308448186,0.07026205848841625,,0.01043221887058123,D,False
BESTBET,240590930,,,,,,,,Carlos Alcaraz,,,,,,,,,,,,,,,,,,,,,,,,,,,,,,,,,,,,,Juan Manuel Cerundolo,,,,,,,,,,,,,,,,,,,,,,,,,,,,,,,,,,,,,,,,,,,,Games Spread,Juan Manuel Cerundolo +5.5,115.0,DraftKings,-161.5,0.4282,0.5704135693457636,115.0,0.5718,0.4295864306542364,5.5,0.03160301541016968,C,False
BESTBET,240590930,,,,,,,,Over,,,,,,,,,,,,,,,,,,,,,,,,,,,,,,,,,,,,,Under,,,,,,,,,,,,,,,,,,,,,,,,,,,,,,,,,,,,,,,,,,,,Total Games,Over 18.5,-140.0,DraftKings,-140.0,0.657,0.5324675324675324,-105.0,0.34299999999999997,0.4675324675324676,18.5,0.02165782044042913,D,False
MATCH,240590940,"ATP Shanghai, China  - Round Of 64","Oct 10, 2026 2:01 AM ET",2026-10-10T05:30:00Z,ATP,Hard,3.0,82163.0,Alejandro Tabilo,0.6074,0.583223695617207,0.5755,44.0,91.4,79.5,42.4,False,13.729,12.617,6.7,2.07,0.6535,0.7364,0.5191,0.338,4.745,3.285,-196.0,BetfairUK,91.2,45.0,True,39.0,True,502.0,92.4,83.5,42.4,73.7,75.2,79.5,71.1,57.7,3596.0,79481.0,Pablo Carreno Busta,0.3926,0.41677630438279295,0.4245,59.0,88.4,39.9,70.5,False,12.617,13.729,3.08,2.45,0.6631,0.6703,0.4935,0.3645,5.737,3.794,159.0,Bet365,88.4,59.0,True,67.0,True,86.9,46.2,70.5,23.5,63.9,39.9,47.8,29.7,2812.0,23.41,24.32,22.5,-122.5,-117.5,2.5,-125.0,-115.0,False,,,,,,,,,,,,,,
BESTBET,240590940,,,,,,,,Alejandro Tabilo,,,,,,,,,,,,,,,,,,,,,,,,,,,,,,,,,,,,,Pablo Carreno Busta,,,,,,,,,,,,,,,,,,,,,,,,,,,,,,,,,,,,,,,,,,,,Moneyline,Pablo Carreno Busta,159.0,Bet365,-196.0,0.6074497851935022,0.6316758747697975,159.0,0.39255021480649777,0.3683241252302026,,0.013214230677979222,D,False
BESTBET,240590940,,,,,,,,Alejandro Tabilo,,,,,,,,,,,,,,,,,,,,,,,,,,,,,,,,,,,,,Pablo Carreno Busta,,,,,,,,,,,,,,,,,,,,,,,,,,,,,,,,,,,,,,,,,,,,Games Spread,Pablo Carreno Busta +2.5,-115.0,DraftKings,-125.0,0.4476,0.5094786729857821,-115.0,0.5524,0.4905213270142179,2.5,0.013750816219062687,D,False
BESTBET,240590940,,,,,,,,Over,,,,,,,,,,,,,,,,,,,,,,,,,,,,,,,,,,,,,Under,,,,,,,,,,,,,,,,,,,,,,,,,,,,,,,,,,,,,,,,,,,,Total Games,Over 22.5,-130.0,DraftKings,-130.0,0.5596,0.5190114068441064,-110.0,0.4404,0.4809885931558936,22.5,0.007058885766242362,D,False
MATCH,240591290,"ATP Shanghai, China  - Round Of 64","Oct 10, 2026 2:01 AM ET",2026-10-10T09:00:00Z,ATP,Hard,3.0,258729.0,Alex Michelsen,0.6048,0.5526795184356588,0.5471,25.0,95.2,74.9,71.7,False,13.546,12.854,6.26,2.6,0.6517,0.7276,0.5203,0.3653,4.984,3.38,-221.0,FanDuel,94.8,27.0,True,19.0,True,502.0,96.4,80.3,71.7,68.3,58.6,74.9,72.1,28.6,5385.0,77749.0,Botic Van de Zandschulp,0.3952,0.4473204815643412,0.4529,32.0,93.8,82.9,73.2,False,12.854,13.546,7.65,4.5,0.6234,0.7418,0.4711,0.3667,5.729,3.814,178.0,DraftKings,94.0,31.0,True,33.0,True,93.6,71.1,73.2,80.8,11.2,82.9,34.9,27.1,5850.0,23.36,24.22,22.5,-127.5,-115.0,3.5,105.0,-152.5,False,,,,,,,,,,,,,,
BESTBET,240591290,,,,,,,,Alex Michelsen,,,,,,,,,,,,,,,,,,,,,,,,,,,,,,,,,,,,,Botic Van de Zandschulp,,,,,,,,,,,,,,,,,,,,,,,,,,,,,,,,,,,,,,,,,,,,Moneyline,Botic Van de Zandschulp,178.0,DraftKings,-221.0,0.6047517415137946,0.6568239645919306,178.0,0.3952482584862054,0.34317603540806946,,0.028403030769892347,D,False
BESTBET,240591290,,,,,,,,Alex Michelsen,,,,,,,,,,,,,,,,,,,,,,,,,,,,,,,,,,,,,Botic Van de Zandschulp,,,,,,,,,,,,,,,,,,,,,,,,,,,,,,,,,,,,,,,,,,,,Games Spread,Botic Van de Zandschulp +3.5,-152.5,DraftKings,105.0,0.2835,0.446803804468038,-152.5,0.7165,0.553196195531962,3.5,0.03628973432623068,C,False
BESTBET,240591290,,,,,,,,Over,,,,,,,,,,,,,,,,,,,,,,,,,,,,,,,,,,,,,Under,,,,,,,,,,,,,,,,,,,,,,,,,,,,,,,,,,,,,,,,,,,,Total Games,Over 22.5,-130.0,DraftKings,-130.0,0.5595,0.5137867647058824,-115.0,0.4405,0.48621323529411764,22.5,0.00795012787723785,D,False
MATCH,240591300,"ATP Shanghai, China  - Round Of 64","Oct 10, 2026 2:01 AM ET",2026-10-10T05:30:00Z,ATP,Hard,3.0,76890.0,Casper Ruud,0.5574,0.6362662250227564,0.6257,17.0,96.8,84.7,42.4,False,14.475,13.03,7.35,2.15,0.6673,0.7455,0.5369,0.338,2.827,2.097,-101.0,DraftKings,97.0,16.0,True,25.0,True,502.0,95.2,92.4,42.4,83.4,68.8,84.7,84.9,57.7,3023.0,191941.0,Yunchaokete Bu,0.4426,0.3637337749772436,0.3743,84.0,83.5,90.2,49.9,False,13.03,14.475,7.34,2.56,0.6377,0.7623,0.4966,0.3461,4.336,3.03,-121.0,Caesars,82.9,87.0,True,73.0,True,85.7,86.1,49.9,78.9,59.6,90.2,51.5,50.4,2144.0,24.63,25.75,23.5,-120.0,-120.0,1.5,120.0,-175.0,False,,,,,,,,,,,,,,
BESTBET,240591300,,,,,,,,Casper Ruud,,,,,,,,,,,,,,,,,,,,,,,,,,,,,,,,,,,,,Yunchaokete Bu,,,,,,,,,,,,,,,,,,,,,,,,,,,,,,,,,,,,,,,,,,,,Moneyline,Casper Ruud,-101.0,DraftKings,-101.0,0.557413160536763,0.4785600960507697,-121.0,0.44258683946323696,0.5214399039492303,,0.04301076244690545,C+,False
BESTBET,240591300,,,,,,,,Casper Ruud,,,,,,,,,,,,,,,,,,,,,,,,,,,,,,,,,,,,,Yunchaokete Bu,,,,,,,,,,,,,,,,,,,,,,,,,,,,,,,,,,,,,,,,,,,,Games Spread,Casper Ruud -1.5,120.0,DraftKings,120.0,0.5971,0.4166666666666667,-175.0,0.40290000000000004,0.5833333333333333,1.5,0.0400962962962963,C+,False
BESTBET,240591300,,,,,,,,Over,,,,,,,,,,,,,,,,,,,,,,,,,,,,,,,,,,,,,Under,,,,,,,,,,,,,,,,,,,,,,,,,,,,,,,,,,,,,,,,,,,,Total Games,Over 23.5,-120.0,DraftKings,-120.0,0.5595,0.5,-120.0,0.4405,0.5,23.5,0.010347826086956502,D,False
MATCH,240591310,"ATP Shanghai, China  - Round Of 64","Oct 10, 2026 2:01 AM ET",2026-10-10T07:50:00Z,ATP,Hard,3.0,291416.0,Ignacio Buse,0.459,0.5413774339933334,0.5331,65.0,87.3,66.9,96.6,False,13.261,12.454,4.65,2.29,0.6056,0.7146,0.5084,0.4058,5.902,3.865,153.0,DraftKings,86.5,69.0,True,57.0,True,502.0,88.8,66.1,96.6,48.4,69.5,66.9,62.0,3.6,2634.0,78678.0,Zizou Bergs,0.541,0.4586225660066666,0.4669,58.0,88.6,73.3,49.0,False,12.454,13.261,6.69,4.69,0.5805,0.7261,0.4964,0.345,6.688,4.277,-189.0,Bet365,88.8,57.0,True,71.0,True,86.1,62.4,49.0,70.8,8.9,73.3,51.0,51.2,3045.0,21.99,23.48,20.5,-225.0,150.0,3.5,290.0,-500.0,False,,,,,,,,,,,,,,
BESTBET,240591310,,,,,,,,Ignacio Buse,,,,,,,,,,,,,,,,,,,,,,,,,,,,,,,,,,,,,Zizou Bergs,,,,,,,,,,,,,,,,,,,,,,,,,,,,,,,,,,,,,,,,,,,,Moneyline,Ignacio Buse,153.0,DraftKings,153.0,0.45904331897536765,0.3767092039574019,-189.0,0.5409566810246323,0.6232907960425982,,0.04490951728252679,C+,False
BESTBET,240591310,,,,,,,,Ignacio Buse,,,,,,,,,,,,,,,,,,,,,,,,,,,,,,,,,,,,,Zizou Bergs,,,,,,,,,,,,,,,,,,,,,,,,,,,,,,,,,,,,,,,,,,,,Games Spread,Ignacio Buse -3.5,290.0,DraftKings,290.0,0.326,0.23529411764705876,-500.0,0.6739999999999999,0.7647058823529412,3.5,0.020156862745098043,D,False
BESTBET,240591310,,,,,,,,Over,,,,,,,,,,,,,,,,,,,,,,,,,,,,,,,,,,,,,Under,,,,,,,,,,,,,,,,,,,,,,,,,,,,,,,,,,,,,,,,,,,,Total Games,Under 20.5,150.0,DraftKings,-225.0,0.6134,0.6338028169014084,150.0,0.38660000000000005,0.3661971830985916,20.5,0.003548315982853622,D,False
MATCH,240591320,"WTA Beijing, China  - Semifinal","Oct 10, 2026 2:01 AM ET",2026-10-10T07:00:00Z,WTA,Hard,3.0,231240.0,Mirra Andreeva,0.6713,0.6540853391081296,0.6451,9.0,98.6,89.3,95.3,False,12.973,10.624,3.75,4.29,0.6527,0.6692,0.4697,0.4692,9.709,5.338,-280.0,SportingBet,98.4,10.0,True,9.0,True,578.0,98.6,93.4,95.3,78.1,34.7,89.3,74.6,4.9,5851.0,113439.0,Nikola Bartunkova,0.3287,0.3459146608918704,0.3549,35.0,94.1,88.2,83.0,False,10.624,12.973,4.57,4.26,0.5825,0.6667,0.4893,0.4434,11.268,5.755,200.0,Bet365,93.6,38.0,True,29.0,True,95.2,91.9,83.0,86.5,37.3,88.2,84.7,17.2,4192.0,21.47,22.44,21.5,-110.0,-130.0,3.5,-140.0,-102.5,False,,,,,,,,,,,,,,
BESTBET,240591320,,,,,,,,Mirra Andreeva,,,,,,,,,,,,,,,,,,,,,,,,,,,,,,,,,,,,,Nikola Bartunkova,,,,,,,,,,,,,,,,,,,,,,,,,,,,,,,,,,,,,,,,,,,,Moneyline,Nikola Bartunkova,200.0,Bet365,-280.0,0.6713049646360321,0.6885245901639344,200.0,0.32869503536396794,0.31147540983606553,,0.009392523015219463,D,False
BESTBET,240591320,,,,,,,,Mirra Andreeva,,,,,,,,,,,,,,,,,,,,,,,,,,,,,,,,,,,,,Nikola Bartunkova,,,,,,,,,,,,,,,,,,,,,,,,,,,,,,,,,,,,,,,,,,,,Games Spread,Nikola Bartunkova +3.5,-100.0,BetMGM,-140.0,0.5137,0.5384615384615384,-100.0,0.48629999999999995,0.46153846153846156,3.5,0.0055025641025641114,D,False
BESTBET,240591320,,,,,,,,Over,,,,,,,,,,,,,,,,,,,,,,,,,,,,,,,,,,,,,Under,,,,,,,,,,,,,,,,,,,,,,,,,,,,,,,,,,,,,,,,,,,,Total Games,Over 20.5,-122.5,Bet365,-122.5,0.5719,0.5047359696897941,-117.5,0.42810000000000004,0.49526403031020594,20.5,0.01168070092351407,D,False
MATCH,240592970,"ATP Shanghai, China  - Round Of 32","Oct 10, 2026 2:01 AM ET",2026-10-11T16:00:00Z,ATP,Hard,3.0,77002.0,Alex de Minaur,0.7268,0.7612289367766232,0.7464,10.0,98.2,57.0,90.0,False,13.871,10.715,4.01,2.43,0.5945,0.7006,0.5518,0.3906,3.487,2.496,-265.0,BetfairUK,98.2,10.0,True,10.0,True,502.0,98.2,71.3,90.0,45.1,55.2,57.0,88.9,10.2,6152.0,334253.0,Rei Sakamoto,0.2732,0.23877106322337682,0.2536,118.0,76.7,75.3,60.7,False,10.715,13.871,8.6,1.8,0.6371,0.7286,0.5726,0.3542,6.498,4.113,210.0,Bet365,74.9,127.0,True,102.0,True,79.9,89.4,60.7,90.2,83.2,75.3,96.6,39.6,2133.0,22.98,23.46,22.5,-110.0,-125.0,2.5,-175.0,120.0,False,,,,,,,,,,,,,,
BESTBET,240592970,,,,,,,,Alex de Minaur,,,,,,,,,,,,,,,,,,,,,,,,,,,,,,,,,,,,,Rei Sakamoto,,,,,,,,,,,,,,,,,,,,,,,,,,,,,,,,,,,,,,,,,,,,Moneyline,Alex de Minaur,-265.0,BetfairUK,-265.0,0.7268007305037772,0.6923725242309313,210.0,0.27319926949622275,0.3076274757690687,,0.018779021603370506,D,False
BESTBET,240592970,,,,,,,,Alex de Minaur,,,,,,,,,,,,,,,,,,,,,,,,,,,,,,,,,,,,,Rei Sakamoto,,,,,,,,,,,,,,,,,,,,,,,,,,,,,,,,,,,,,,,,,,,,Games Spread,Alex de Minaur -2.5,-175.0,DraftKings,-175.0,0.7003,0.5833333333333334,120.0,0.29969999999999997,0.41666666666666663,2.5,0.025992592592592595,D,False
BESTBET,240592970,,,,,,,,Over,,,,,,,,,,,,,,,,,,,,,,,,,,,,,,,,,,,,,Under,,,,,,,,,,,,,,,,,,,,,,,,,,,,,,,,,,,,,,,,,,,,Total Games,Under 22.5,-125.0,DraftKings,-110.0,0.4388,0.48529411764705876,-125.0,0.5611999999999999,0.5147058823529412,22.5,0.008085933503836313,D,False
MATCH,240593010,"ATP Shanghai, China  - Round Of 32","Oct 10, 2026 2:01 AM ET",2026-10-11T04:00:00Z,ATP,Hard,3.0,165387.0,Ben Shelton,0.7468,0.7506470125752797,0.738,5.0,99.2,89.8,33.9,False,14.167,11.448,7.73,2.14,0.6928,0.7613,0.5657,0.3311,2.857,2.103,-352.0,Bet365,99.2,5.0,True,5.0,True,502.0,99.2,98.4,33.9,88.8,65.3,89.8,95.2,66.3,7131.0,265685.0,Arthur Gea,0.2532,0.24935298742472034,0.262,71.0,86.1,72.1,95.2,False,11.448,14.167,5.01,3.72,0.6289,0.7227,0.5245,0.4002,5.608,3.692,271.0,DraftKings,84.1,81.0,True,55.0,True,89.2,75.9,95.2,54.6,22.6,72.1,75.6,5.0,3741.0,23.97,24.43,23.5,0.0,-152.5,2.5,-185.0,125.0,False,,,,,,,,,,,,,,
BESTBET,240593010,,,,,,,,Ben Shelton,,,,,,,,,,,,,,,,,,,,,,,,,,,,,,,,,,,,,Arthur Gea,,,,,,,,,,,,,,,,,,,,,,,,,,,,,,,,,,,,,,,,,,,,Moneyline,Ben Shelton,-352.0,Bet365,-352.0,0.7467624796197596,0.7428779466642396,271.0,0.2532375203802404,0.25712205333576044,,0.00211883615755639,D,False
BESTBET,240593010,,,,,,,,Ben Shelton,,,,,,,,,,,,,,,,,,,,,,,,,,,,,,,,,,,,,Arthur Gea,,,,,,,,,,,,,,,,,,,,,,,,,,,,,,,,,,,,,,,,,,,,Games Spread,Ben Shelton -2.5,-185.0,DraftKings,-185.0,0.6413,0.5935828877005348,125.0,0.3587,0.4064171122994652,2.5,0.01060380273321446,D,False
BESTBET,240593010,,,,,,,,Over,,,,,,,,,,,,,,,,,,,,,,,,,,,,,,,,,,,,,Under,,,,,,,,,,,,,,,,,,,,,,,,,,,,,,,,,,,,,,,,,,,,Total Games,Under 23.5,-152.5,DraftKings,0.0,0.4836,0.5,-152.5,0.5164,0.5,23.5,0.0028521739130434732,D,False
MATCH,240594940,"ATP Shanghai, China  - Round Of 32","Oct 10, 2026 2:01 AM ET",2026-10-11T04:00:00Z,ATP,Hard,3.0,77023.0,Alexander Zverev,0.8163,0.7838197656297243,0.762,3.0,99.6,94.8,60.2,False,14.368,11.268,8.13,1.67,0.7233,0.7731,0.5549,0.3538,1.285,1.035,-800.0,SportingBet,99.6,3.0,True,4.0,True,502.0,99.4,98.8,60.2,93.4,77.3,94.8,91.0,40.0,7068.0,76939.0,Quentin Halys,0.1837,0.21618023437027573,0.238,43.0,91.6,98.0,39.5,False,11.268,14.368,10.95,2.63,0.6099,0.7924,0.4863,0.3359,4.637,3.173,531.0,FanDuel,91.8,42.0,True,46.0,True,91.0,90.4,39.5,98.6,52.2,98.0,43.4,60.7,5531.0,22.56,24.62,20.5,-250.0,160.0,2.5,-275.0,175.0,False,,,,,,,,,,,,,,
BESTBET,240594940,,,,,,,,Alexander Zverev,,,,,,,,,,,,,,,,,,,,,,,,,,,,,,,,,,,,,Quentin Halys,,,,,,,,,,,,,,,,,,,,,,,,,,,,,,,,,,,,,,,,,,,,Moneyline,Quentin Halys,531.0,FanDuel,-800.0,0.8162542002324815,0.8486886348352388,531.0,0.18374579976751848,0.15131136516476126,,0.01769150978332216,D,False
BESTBET,240594940,,,,,,,,Alexander Zverev,,,,,,,,,,,,,,,,,,,,,,,,,,,,,,,,,,,,,Quentin Halys,,,,,,,,,,,,,,,,,,,,,,,,,,,,,,,,,,,,,,,,,,,,Games Spread,Alexander Zverev -2.5,-275.0,DraftKings,-275.0,0.683,0.6685082872928176,175.0,0.31699999999999995,0.33149171270718236,2.5,0.0032203806015960925,D,False
BESTBET,240594940,,,,,,,,Over,,,,,,,,,,,,,,,,,,,,,,,,,,,,,,,,,,,,,Under,,,,,,,,,,,,,,,,,,,,,,,,,,,,,,,,,,,,,,,,,,,,Total Games,Over 20.5,-250.0,DraftKings,-250.0,0.7334,0.6499999999999999,160.0,0.26659999999999995,0.3500000000000001,20.5,0.01450434782608698,D,False
MATCH,240595110,"ATP Shanghai, China  - Round Of 32","Oct 10, 2026 2:01 AM ET",2026-10-11T04:00:00Z,ATP,Hard,3.0,77904.0,Frances Tiafoe,0.5639,0.6138311330011584,0.6068,7.0,98.8,80.1,66.5,False,14.053,12.804,5.55,1.77,0.5976,0.7389,0.5311,0.3602,3.8,2.698,-117.0,Caesars,98.8,7.0,True,8.0,True,502.0,98.6,80.1,66.5,61.1,83.7,80.1,80.5,33.7,6569.0,76914.0,Alejandro Davidovich Fokina,0.4361,0.38616886699884156,0.3932,20.0,96.2,68.6,59.8,False,12.804,14.053,4.68,1.68,0.7061,0.717,0.5462,0.3536,5.091,3.466,-104.0,DraftKings,96.4,19.0,True,20.0,True,96.2,86.7,59.8,48.8,86.8,68.6,87.3,40.4,4287.0,23.24,24.99,21.5,-215.0,140.0,3.5,185.0,-300.0,False,,,,,,,,,,,,,,
BESTBET,240595110,,,,,,,,Frances Tiafoe,,,,,,,,,,,,,,,,,,,,,,,,,,,,,,,,,,,,,Alejandro Davidovich Fokina,,,,,,,,,,,,,,,,,,,,,,,,,,,,,,,,,,,,,,,,,,,,Moneyline,Frances Tiafoe,-117.0,Caesars,-117.0,0.5639144466797505,0.5139977603583427,-104.0,0.43608555332024945,0.48600223964165734,,0.02722728344804067,D,False
BESTBET,240595110,,,,,,,,Frances Tiafoe,,,,,,,,,,,,,,,,,,,,,,,,,,,,,,,,,,,,,Alejandro Davidovich Fokina,,,,,,,,,,,,,,,,,,,,,,,,,,,,,,,,,,,,,,,,,,,,Games Spread,Alejandro Davidovich Fokina +3.5,-300.0,DraftKings,185.0,0.3068,0.3187250996015936,-300.0,0.6932,0.6812749003984064,3.5,0.0026500221336874675,D,False
BESTBET,240595110,,,,,,,,Over,,,,,,,,,,,,,,,,,,,,,,,,,,,,,,,,,,,,,Under,,,,,,,,,,,,,,,,,,,,,,,,,,,,,,,,,,,,,,,,,,,,Total Games,Under 21.5,140.0,DraftKings,-215.0,0.5744,0.6209386281588447,140.0,0.4256,0.3790613718411553,21.5,0.008093674462407772,D,False
MATCH,240595120,"ATP Shanghai, China  - Round Of 32","Oct 10, 2026 2:01 AM ET",2026-10-11T04:00:00Z,ATP,Hard,3.0,185140.0,Jakub Mensik,0.5436,0.5034029248848046,0.499,28.0,94.6,97.8,75.7,False,13.237,13.006,11.11,3.93,0.6155,0.7914,0.4742,0.3691,5.544,3.691,-158.0,Bet365,94.6,28.0,True,27.0,True,502.0,94.8,87.8,75.7,97.0,21.1,97.8,36.5,24.5,4869.0,82217.0,Francisco Cerundolo,0.4564,0.4965970751151954,0.501,22.0,95.8,53.4,82.7,False,13.006,13.237,3.96,2.73,0.6199,0.6957,0.5066,0.3767,5.737,3.785,129.0,Caesars,95.8,22.0,True,24.0,True,95.4,56.8,82.7,34.9,55.2,53.4,60.0,17.5,3946.0,22.16,23.82,20.5,-225.0,150.0,3.5,135.0,-200.0,False,,,,,,,,,,,,,,
BESTBET,240595120,,,,,,,,Jakub Mensik,,,,,,,,,,,,,,,,,,,,,,,,,,,,,,,,,,,,,Francisco Cerundolo,,,,,,,,,,,,,,,,,,,,,,,,,,,,,,,,,,,,,,,,,,,,Moneyline,Francisco Cerundolo,129.0,Caesars,-158.0,0.5435765229438383,0.5837501210028718,129.0,0.4564234770561617,0.4162498789971283,,0.021912871668563743,D,False
BESTBET,240595120,,,,,,,,Jakub Mensik,,,,,,,,,,,,,,,,,,,,,,,,,,,,,,,,,,,,,Francisco Cerundolo,,,,,,,,,,,,,,,,,,,,,,,,,,,,,,,,,,,,,,,,,,,,Games Spread,Francisco Cerundolo +3.5,-200.0,DraftKings,135.0,0.2504,0.38961038961038963,-200.0,0.7496,0.6103896103896104,3.5,0.03093564213564213,C,False
BESTBET,240595120,,,,,,,,Over,,,,,,,,,,,,,,,,,,,,,,,,,,,,,,,,,,,,,Under,,,,,,,,,,,,,,,,,,,,,,,,,,,,,,,,,,,,,,,,,,,,Total Games,Over 20.5,-225.0,DraftKings,-225.0,0.6467,0.6338028169014084,150.0,0.35329999999999995,0.3661971830985916,20.5,0.0022429883649724832,D,False
MATCH,240596420,"ATP Shanghai, China  - Round Of 32","Oct 10, 2026 2:01 AM ET",2026-10-11T04:00:00Z,ATP,Hard,3.0,78021.0,Karen Khachanov,0.6683,0.610766287468712,0.5965,26.0,95.0,93.0,53.5,False,14.478,13.06,7.12,1.83,0.6421,0.7683,0.5371,0.3488,2.845,2.114,-318.0,DraftKings,95.2,25.0,True,29.0,True,502.0,94.4,95.4,53.5,80.8,80.5,93.0,85.1,46.8,4810.0,77895.0,Adrian Mannarino,0.3317,0.389233712531288,0.4035,61.0,88.0,69.9,24.5,False,13.06,14.478,5.54,2.06,0.6323,0.7189,0.5078,0.321,4.314,3.018,248.0,Skybet,87.5,64.0,True,60.0,True,88.2,72.2,24.5,59.8,76.6,69.9,61.5,75.7,3724.0,24.08,25.65,22.5,-105.0,-139.0,3.5,-132.5,-110.0,False,,,,,,,,,,,,,,
BESTBET,240596420,,,,,,,,Karen Khachanov,,,,,,,,,,,,,,,,,,,,,,,,,,,,,,,,,,,,,Adrian Mannarino,,,,,,,,,,,,,,,,,,,,,,,,,,,,,,,,,,,,,,,,,,,,Moneyline,Adrian Mannarino,248.0,Skybet,-318.0,0.6683016031739614,0.7258369188792108,248.0,0.33169839682603863,0.27416308112078913,,0.03138289947559058,C,False
BESTBET,240596420,,,,,,,,Karen Khachanov,,,,,,,,,,,,,,,,,,,,,,,,,,,,,,,,,,,,,Adrian Mannarino,,,,,,,,,,,,,,,,,,,,,,,,,,,,,,,,,,,,,,,,,,,,Games Spread,Adrian Mannarino +3.5,-110.0,DraftKings,-130.0,0.2826,0.5190114068441064,-110.0,0.7174,0.4809885931558936,3.5,0.05253586818757919,B,True
BESTBET,240596420,,,,,,,,Over,,,,,,,,,,,,,,,,,,,,,,,,,,,,,,,,,,,,,Under,,,,,,,,,,,,,,,,,,,,,,,,,,,,,,,,,,,,,,,,,,,,Total Games,Over 22.5,-105.0,DraftKings,-105.0,0.5958,0.4690315315315315,-138.0,0.4042,0.5309684684684686,22.5,0.022046690168429316,D,False
MATCH,240596430,"WTA Beijing, China  - Semifinal","Oct 10, 2026 2:01 AM ET",2026-10-10T11:00:00Z,WTA,Hard,3.0,79554.0,Qinwen Zheng,0.6006,0.6437042704020943,0.6375,11.0,98.3,98.4,52.9,False,13.047,11.1,8.02,4.45,0.5783,0.7185,0.4821,0.4118,8.48,4.977,-150.0,Caesars,98.3,11.0,True,7.0,True,578.0,99.0,97.2,52.9,99.1,31.7,98.4,80.2,47.3,3297.0,77917.0,Elise Mertens,0.3994,0.3562957295979057,0.3625,18.0,97.1,93.6,85.7,False,11.1,13.047,5.05,5.01,0.6229,0.6834,0.4581,0.4465,9.887,5.452,120.0,Bet365,97.2,17.0,True,22.0,True,96.4,92.5,85.7,89.7,21.0,93.6,69.0,14.5,3454.0,22.72,22.94,22.5,-115.0,-125.0,1.5,-130.0,-110.0,False,,,,,,,,,,,,,,
BESTBET,240596430,,,,,,,,Qinwen Zheng,,,,,,,,,,,,,,,,,,,,,,,,,,,,,,,,,,,,,Elise Mertens,,,,,,,,,,,,,,,,,,,,,,,,,,,,,,,,,,,,,,,,,,,,Moneyline,Qinwen Zheng,-150.0,Caesars,-150.0,0.6006131971479498,0.5575221238938053,110.0,0.3993868028520502,0.4424778761061947,,0.02350422177498792,D,False
BESTBET,240596430,,,,,,,,Qinwen Zheng,,,,,,,,,,,,,,,,,,,,,,,,,,,,,,,,,,,,,Elise Mertens,,,,,,,,,,,,,,,,,,,,,,,,,,,,,,,,,,,,,,,,,,,,Games Spread,Qinwen Zheng -1.5,-130.0,BetMGM,-130.0,0.6185,0.5190114068441064,-110.0,0.38149999999999995,0.4809885931558936,1.5,0.02210857625686523,D,False
BESTBET,240596430,,,,,,,,Over,,,,,,,,,,,,,,,,,,,,,,,,,,,,,,,,,,,,,Under,,,,,,,,,,,,,,,,,,,,,,,,,,,,,,,,,,,,,,,,,,,,Total Games,Over 22.5,-113.0,BetMGM,-113.0,0.4944,0.48847262247838613,-125.0,0.5056,0.5115273775216138,22.5,0.0010308482646285,D,False
MATCH,240651610,"ATP Shanghai, China  - Round Of 32","Oct 10, 2026 2:01 AM ET",2026-10-11T04:00:00Z,ATP,Hard,3.0,81263.0,Brandon Nakashima,0.5767,0.5686424734072053,0.5604,15.0,97.2,96.2,43.6,False,14.726,13.933,10.19,1.18,0.6525,0.7799,0.5236,0.339,2.649,2.001,-158.0,Caesars,97.2,15.0,True,13.0,True,502.0,97.6,97.0,43.6,95.8,94.2,96.2,74.7,56.6,5294.0,77929.0,Alexander Bublik,0.4233,0.43135752659279475,0.4396,23.0,95.6,93.4,41.8,False,13.933,14.726,10.69,3.36,0.652,0.769,0.5056,0.3377,3.458,2.511,130.0,DraftKings,95.4,24.0,True,26.0,True,95.0,93.0,41.8,96.4,34.4,93.4,58.7,58.3,4299.0,24.53,26.56,22.5,-200.0,125.0,3.5,175.0,-275.0,False,,,,,,,,,,,,,,
BESTBET,240651610,,,,,,,,Brandon Nakashima,,,,,,,,,,,,,,,,,,,,,,,,,,,,,,,,,,,,,Alexander Bublik,,,,,,,,,,,,,,,,,,,,,,,,,,,,,,,,,,,,,,,,,,,,Moneyline,Alexander Bublik,130.0,DraftKings,-158.0,0.5767254851747967,0.5848084969423882,130.0,0.4232745148252033,0.4151915030576119,,0.004408915509595374,D,False
BESTBET,240651610,,,,,,,,Brandon Nakashima,,,,,,,,,,,,,,,,,,,,,,,,,,,,,,,,,,,,,Alexander Bublik,,,,,,,,,,,,,,,,,,,,,,,,,,,,,,,,,,,,,,,,,,,,Games Spread,Alexander Bublik +3.5,-275.0,DraftKings,175.0,0.1855,0.33149171270718236,-275.0,0.8145,0.6685082872928176,3.5,0.032442602823818306,C,False
BESTBET,240651610,,,,,,,,Over,,,,,,,,,,,,,,,,,,,,,,,,,,,,,,,,,,,,,Under,,,,,,,,,,,,,,,,,,,,,,,,,,,,,,,,,,,,,,,,,,,,Total Games,Over 22.5,-200.0,DraftKings,-200.0,0.6702,0.6,125.0,0.3298,0.4,22.5,0.01220869565217392,D,False
MATCH,240651620,"ATP Shanghai, China  - Round Of 32","Oct 10, 2026 2:01 AM ET",2026-10-11T04:00:00Z,ATP,Hard,3.0,76945.0,Hubert Hurkacz,0.8357,0.8254921240903779,0.8072,18.0,96.6,97.0,27.5,False,14.011,10.427,9.14,2.09,0.6473,0.7828,0.5073,0.3237,1.459,1.158,-780.0,BetfairUK,96.8,17.0,True,18.0,True,502.0,96.6,95.6,27.5,98.0,58.0,97.0,60.9,72.7,3799.0,290092.0,Yi Zhou,0.1643,0.17450787590962213,0.1928,333.0,33.9,74.2,33.5,False,10.427,14.011,7.04,2.14,0.645,0.727,0.464,0.3307,5.253,3.468,519.0,DraftKings,34.7,329.0,True,347.0,True,31.1,66.5,33.5,81.4,68.3,74.2,31.1,66.9,570.0,22.57,23.63,21.5,-138.0,-105.0,1.5,-600.0,330.0,False,,,,,,,,,,,,,,
BESTBET,240651620,,,,,,,,Hubert Hurkacz,,,,,,,,,,,,,,,,,,,,,,,,,,,,,,,,,,,,,Yi Zhou,,,,,,,,,,,,,,,,,,,,,,,,,,,,,,,,,,,,,,,,,,,,Moneyline,Yi Zhou,519.0,DraftKings,-780.0,0.8356639696167526,0.8458358151431273,519.0,0.1643360303832474,0.15416418485687255,,0.005548279378022582,D,False
BESTBET,240651620,,,,,,,,Hubert Hurkacz,,,,,,,,,,,,,,,,,,,,,,,,,,,,,,,,,,,,,Yi Zhou,,,,,,,,,,,,,,,,,,,,,,,,,,,,,,,,,,,,,,,,,,,,Games Spread,Hubert Hurkacz -1.5,-600.0,DraftKings,-600.0,0.8849,0.7865853658536585,330.0,0.11509999999999998,0.21341463414634154,1.5,0.021847696476964815,D,False
BESTBET,240651620,,,,,,,,Over,,,,,,,,,,,,,,,,,,,,,,,,,,,,,,,,,,,,,Under,,,,,,,,,,,,,,,,,,,,,,,,,,,,,,,,,,,,,,,,,,,,Total Games,Under 21.5,-2.5,DraftKings,-139.0,0.4993,0.5,-2.5,0.5006999999999999,0.5,21.5,0.0001217391304347692,D,False
