event_id,event_name,scheduled_date,tour,player_id,player_name,surface,best_of,elo_win_pct,sim_win_pct,raw_sim_win_pct,elo_rank,elo_percentile,elo_overall_percentile,elo_surface_percentile,serve_percentile,return_percentile,low_sample_flag,proj_games_won,proj_games_lost,proj_sets_won,proj_sets_lost,proj_svpt,proj_aces,proj_dfs,proj_1stIn_pct,proj_1stWon_pct,proj_2ndWon_pct,proj_ret_won_pct,proj_bp_faced,proj_bp_saved,proj_total_games
237937600,"ATP Hangzhou, China  - Final",2026-09-29T11:30:00Z,ATP,76988,Daniil Medvedev,Hard,3,0.5937,0.6011473822464858,0.6431,10.0,98.2,97.8,98.4,84.5,96.2,False,13.661,12.382,1.479,0.998,75.627,8.38,4.11,0.6541,0.7465,0.4957,0.4043,4.832,3.31,26.043
237937600,"ATP Hangzhou, China  - Final",2026-09-29T11:30:00Z,ATP,78030,Andrey Rublev,Hard,3,0.4063,0.3988526177535142,0.3569,20.0,96.2,96.4,95.4,92.9,77.7,False,12.382,13.661,0.998,1.479,77.886,8.19,2.6,0.6331,0.7676,0.504,0.3699,6.023,3.939,26.043
237670670,"ATP Tokyo, Japan  - Round Of 32",2026-09-30T02:00:00Z,ATP,78678,Zizou Bergs,Hard,3,0.3424,0.3284545084347547,0.2492,66.0,87.1,88.5,85.7,75.0,57.4,False,12.024,14.129,0.798,1.643,76.722,7.07,4.55,0.5819,0.7292,0.5049,0.3503,5.551,3.678,26.154
237670670,"ATP Tokyo, Japan  - Round Of 32",2026-09-30T02:00:00Z,ATP,85820,Jiri Lehecka,Hard,3,0.6576,0.6715454915652452,0.7508,17.0,96.8,96.8,96.6,83.7,55.1,False,14.129,12.024,1.643,0.798,72.429,6.79,1.58,0.6479,0.7453,0.5151,0.3493,3.541,2.571,26.154
237670650,"ATP Tokyo, Japan  - Round Of 32",2026-09-30T02:00:00Z,ATP,83668,Valentin Vacherot,Hard,3,0.4781,0.47240707174254903,0.4403,74.0,85.5,84.9,86.5,92.3,41.5,False,13.701,14.156,1.15,1.349,77.213,10.11,3.23,0.6525,0.7661,0.5183,0.3375,4.096,2.9,27.857
237670650,"ATP Tokyo, Japan  - Round Of 32",2026-09-30T02:00:00Z,ATP,250019,Alexander Blockx,Hard,3,0.5219,0.527592928257451,0.5597,53.0,89.7,89.7,88.5,95.2,80.4,False,14.156,13.701,1.349,1.15,75.993,9.43,2.9,0.6078,0.7755,0.5182,0.3738,3.615,2.603,27.857
238015330,"ATP Beijing, China  - Round Of 32",2026-09-30T02:00:00Z,ATP,76988,Daniil Medvedev,Hard,3,0.7339,0.7512471669158333,0.8493,10.0,98.2,97.8,98.4,84.5,96.2,False,13.63,10.035,1.79,0.584,70.143,7.78,3.81,0.6541,0.7465,0.4957,0.4043,4.695,3.194,23.666
238015330,"ATP Beijing, China  - Round Of 32",2026-09-30T02:00:00Z,ATP,79481,Pablo Carreno Busta,Hard,3,0.2661,0.24875283308416674,0.1507,76.0,85.1,86.3,83.1,37.7,76.4,False,10.035,13.63,0.584,1.79,74.993,3.0,2.58,0.6637,0.667,0.4821,0.3684,7.818,4.658,23.666
238015200,"ATP Beijing, China  - Round Of 32",2026-09-30T02:00:00Z,ATP,77749,Botic Van de Zandschulp,Hard,3,0.4869,0.48786269959454,0.4932,35.0,93.3,93.5,93.1,86.7,72.1,False,12.96,13.052,1.24,1.264,78.401,8.05,4.64,0.6156,0.7514,0.4698,0.3649,6.149,3.99,26.012
238015200,"ATP Beijing, China  - Round Of 32",2026-09-30T02:00:00Z,ATP,82217,Francisco Cerundolo,Hard,3,0.5131,0.51213730040546,0.5068,27.0,94.8,95.2,93.5,53.2,83.1,False,13.052,12.96,1.264,1.24,78.374,4.7,2.81,0.6131,0.6959,0.5045,0.3785,6.065,3.949,26.012
238014900,"ATP Beijing, China  - Round Of 32",2026-09-30T02:00:00Z,ATP,77757,Alex Molcan,Hard,3,0.4246,0.41632971885521053,0.3697,56.0,89.1,90.1,86.7,25.8,45.0,False,13.09,14.143,1.017,1.464,77.052,2.96,1.65,0.7623,0.6457,0.5437,0.3401,4.63,3.179,27.233
238014900,"ATP Beijing, China  - Round Of 32",2026-09-30T02:00:00Z,ATP,79615,Arthur Rinderknech,Hard,3,0.5754,0.5836702811447895,0.6303,40.0,92.3,92.3,92.1,86.9,25.0,False,14.143,13.09,1.464,1.017,74.732,9.34,2.16,0.6639,0.7518,0.4999,0.322,3.599,2.583,27.233
237671250,"ATP Beijing, China  - Round Of 32",2026-09-30T02:00:00Z,ATP,77011,Cameron Norrie,Hard,3,0.2732,0.25630983142895664,0.1606,32.0,93.8,93.8,94.2,65.9,71.4,False,11.575,14.331,0.604,1.773,74.903,4.6,2.01,0.6465,0.7116,0.5566,0.3641,5.16,3.478,25.906
237671250,"ATP Beijing, China  - Round Of 32",2026-09-30T02:00:00Z,ATP,77023,Alexander Zverev,Hard,3,0.7268,0.7436901685710433,0.8394,3.0,99.6,99.6,99.6,92.5,59.1,False,14.331,11.575,1.773,0.604,67.804,8.33,1.88,0.7219,0.7665,0.5453,0.3517,2.269,1.732,25.906
237671240,"ATP Beijing, China  - Round Of 32",2026-09-30T02:00:00Z,ATP,77825,Sebastian Baez,Hard,3,0.559,0.5599443165115261,0.5651,70.0,86.3,87.1,84.5,19.2,76.2,False,13.345,12.736,1.358,1.135,77.283,2.28,2.14,0.7241,0.6294,0.5082,0.3683,5.521,3.679,26.081
237671240,"ATP Beijing, China  - Round Of 32",2026-09-30T02:00:00Z,ATP,162645,Juncheng Shang,Hard,3,0.441,0.4400556834884739,0.4349,116.0,77.2,77.8,76.4,53.6,35.3,False,12.736,13.345,1.135,1.358,78.487,4.64,2.42,0.6355,0.6975,0.5514,0.332,6.136,4.021,26.081
237671200,"ATP Beijing, China  - Round Of 32",2026-09-30T02:00:00Z,ATP,77929,Alexander Bublik,Hard,3,0.5111,0.5098125105905372,0.5026,19.0,96.4,96.2,96.0,94.4,42.9,False,13.957,13.935,1.257,1.245,76.709,10.84,3.39,0.6497,0.7719,0.5099,0.3383,3.857,2.757,27.892
237671200,"ATP Beijing, China  - Round Of 32",2026-09-30T02:00:00Z,ATP,185140,Jakub Mensik,Hard,3,0.4889,0.4901874894094628,0.4974,29.0,94.4,94.6,95.2,97.8,76.0,False,13.935,13.957,1.245,1.257,76.702,11.18,3.92,0.6127,0.7914,0.4759,0.3679,3.886,2.776,27.892
237671190,"ATP Beijing, China  - Round Of 32",2026-09-30T02:00:00Z,ATP,77002,Alex de Minaur,Hard,3,0.6726,0.687783019839559,0.7736,14.0,97.4,97.2,97.2,57.3,89.5,False,13.746,11.146,1.681,0.749,73.002,4.21,2.58,0.594,0.7008,0.5594,0.3899,4.703,3.216,24.892
237671190,"ATP Beijing, China  - Round Of 32",2026-09-30T02:00:00Z,ATP,81882,Mariano Navone,Hard,3,0.3274,0.31221698016044097,0.2264,52.0,89.9,90.9,87.5,39.1,62.7,False,11.146,13.746,0.749,1.681,77.064,2.82,2.64,0.6817,0.669,0.5302,0.3545,7.072,4.406,24.892
237671180,"ATP Beijing, China  - Round Of 32",2026-09-30T02:00:00Z,ATP,76939,Quentin Halys,Hard,3,0.4688,0.4600758091478387,0.4106,55.0,89.3,89.5,88.1,97.6,38.5,False,12.783,13.507,1.096,1.393,78.073,11.49,2.99,0.6108,0.7901,0.48,0.3351,5.747,3.799,26.289
237671180,"ATP Beijing, China  - Round Of 32",2026-09-30T02:00:00Z,ATP,291416,Ignacio Buse,Hard,3,0.5312,0.5399241908521613,0.5894,59.0,88.5,87.5,90.3,69.8,97.2,False,13.507,12.783,1.393,1.096,76.817,4.62,2.29,0.6028,0.7196,0.5083,0.4106,5.106,3.465,26.289
237671170,"ATP Beijing, China  - Round Of 32",2026-09-30T02:00:00Z,ATP,77080,Tallon Griekspoor,Hard,3,0.4226,0.4114884041846689,0.3484,61.0,88.1,86.7,90.9,90.1,19.2,False,13.514,14.607,0.974,1.495,76.502,9.5,2.68,0.6602,0.7585,0.5616,0.3146,3.848,2.756,28.121
237671170,"ATP Beijing, China  - Round Of 32",2026-09-30T02:00:00Z,ATP,78030,Andrey Rublev,Hard,3,0.5774,0.5885115958153311,0.6516,20.0,96.2,96.4,95.4,92.9,77.7,False,14.607,13.514,1.495,0.974,73.441,7.72,2.45,0.6331,0.7676,0.504,0.3699,2.71,2.036,28.121
237671160,"ATP Beijing, China  - Round Of 32",2026-09-30T02:00:00Z,ATP,77132,Roman Safiullin,Hard,3,0.4203,0.4212050691801937,0.4266,45.0,91.3,91.5,89.5,79.0,64.6,False,13.275,13.904,1.125,1.379,77.916,8.56,3.36,0.6503,0.736,0.546,0.357,4.923,3.381,27.178
237671160,"ATP Beijing, China  - Round Of 32",2026-09-30T02:00:00Z,ATP,86868,Flavio Cobolli,Hard,3,0.5797,0.5787949308198064,0.5734,22.0,95.8,96.0,94.4,68.1,45.6,False,13.904,13.275,1.379,1.125,76.501,6.46,2.76,0.5783,0.7156,0.5116,0.3404,4.25,2.976,27.178
237671150,"ATP Beijing, China  - Round Of 32",2026-09-30T02:00:00Z,ATP,76945,Hubert Hurkacz,Hard,3,0.4521,0.4482329109371695,0.4263,26.0,95.0,95.4,93.7,97.4,32.4,False,13.332,13.909,1.129,1.372,77.63,11.72,3.05,0.6319,0.7882,0.5012,0.3297,4.748,3.282,27.24
237671150,"ATP Beijing, China  - Round Of 32",2026-09-30T02:00:00Z,ATP,243549,Learner Tien,Hard,3,0.5479,0.5517670890628306,0.5737,24.0,95.4,95.0,96.4,64.7,86.5,False,13.909,13.332,1.372,1.129,76.283,5.38,3.42,0.6355,0.7104,0.5211,0.3822,4.139,2.917,27.24
237671140,"ATP Beijing, China  - Round Of 32",2026-09-30T03:00:00Z,ATP,78021,Karen Khachanov,Hard,3,0.403,0.3912291444296416,0.3245,30.0,94.2,94.2,93.3,91.3,56.7,False,13.397,14.64,0.943,1.527,76.632,7.46,1.94,0.6366,0.7632,0.5326,0.3499,3.951,2.81,28.037
237671140,"ATP Beijing, China  - Round Of 32",2026-09-30T03:00:00Z,ATP,78860,Felix Auger-Aliassime,Hard,3,0.597,0.6087708555703584,0.6755,9.0,98.4,98.4,97.8,96.1,60.8,False,14.64,13.397,1.527,0.943,73.25,10.97,2.59,0.6814,0.7796,0.5252,0.3531,2.67,2.013,28.037
238179620,"ATP Tokyo, Japan  - Round Of 32",2026-09-30T03:15:00Z,ATP,77478,Tomas Martin Etcheverry,Hard,3,0.4003,0.39286149824328054,0.3506,50.0,90.3,90.5,88.9,80.8,51.4,False,13.081,14.222,0.995,1.481,76.967,7.62,1.5,0.6476,0.7401,0.5276,0.3459,4.556,3.154,27.303
238179620,"ATP Tokyo, Japan  - Round Of 32",2026-09-30T03:15:00Z,ATP,78022,Stefanos Tsitsipas,Hard,3,0.5997,0.6071385017567195,0.6494,23.0,95.6,95.6,95.0,90.5,51.7,False,14.222,13.081,1.481,0.995,74.295,7.63,2.95,0.5961,0.7591,0.5169,0.3465,3.446,2.518,27.303
237670720,"ATP Tokyo, Japan  - Round Of 32",2026-09-30T03:15:00Z,ATP,77001,Tommy Paul,Hard,3,0.6158,0.6300391476100639,0.711,11.0,98.0,98.2,97.6,84.7,80.6,False,14.279,12.633,1.58,0.876,73.087,5.88,1.55,0.6206,0.7468,0.5514,0.3738,3.283,2.408,26.912
237670720,"ATP Tokyo, Japan  - Round Of 32",2026-09-30T03:15:00Z,ATP,82163,Alejandro Tabilo,Hard,3,0.3842,0.36996085238993615,0.289,44.0,91.5,91.3,91.9,78.6,35.8,False,12.633,14.279,0.876,1.58,77.058,7.01,2.07,0.6531,0.7356,0.5214,0.3327,4.922,3.359,26.912
237671210,"ATP Beijing, China  - Round Of 32",2026-09-30T05:00:00Z,ATP,76979,Jan-Lennard Struff,Hard,3,0.4063,0.39477486967844616,0.3297,60.0,88.3,89.9,83.7,83.1,54.8,False,12.802,14.128,0.954,1.518,77.271,8.6,3.12,0.6024,0.7436,0.5127,0.349,4.992,3.418,26.93
237671210,"ATP Beijing, China  - Round Of 32",2026-09-30T05:00:00Z,ATP,84582,Thiago Agustin Tirante,Hard,3,0.5937,0.6052251303215539,0.6703,42.0,91.9,92.1,91.5,94.0,69.4,False,14.128,12.802,1.518,0.954,74.266,9.93,2.4,0.5674,0.7708,0.5527,0.3623,3.6,2.582,26.93
237671230,"ATP Beijing, China  - Round Of 32",2026-09-30T06:15:00Z,ATP,82782,Juan Manuel Cerundolo,Hard,3,0.5075,0.5056010515672227,0.4948,75.0,85.3,86.1,84.1,74.0,48.8,False,13.59,13.66,1.239,1.263,77.512,6.21,3.12,0.5328,0.7271,0.5242,0.3425,4.593,3.2,27.25
237671230,"ATP Beijing, China  - Round Of 32",2026-09-30T06:15:00Z,ATP,191941,Yunchaokete Bu,Hard,3,0.4925,0.4943989484327773,0.5052,96.0,81.2,80.4,81.3,88.9,46.5,False,13.66,13.59,1.263,1.239,77.247,7.59,2.7,0.6319,0.7564,0.4841,0.3412,4.518,3.156,27.25
238179400,"ATP Tokyo, Japan  - Round Of 32",2026-09-30T07:00:00Z,ATP,162300,Luca Van Assche,Hard,3,0.2137,0.19858277081712739,0.113,105.0,79.4,80.8,77.6,46.6,87.5,False,9.686,13.607,0.482,1.843,73.036,3.92,4.08,0.6237,0.6825,0.4695,0.3835,7.219,4.373,23.293
238179400,"ATP Tokyo, Japan  - Round Of 32",2026-09-30T07:00:00Z,ATP,163228,Arthur Fils,Hard,3,0.7863,0.8014172291828726,0.887,7.0,98.8,98.8,99.0,77.0,72.1,False,13.607,9.686,1.843,0.482,66.665,5.66,2.08,0.642,0.7322,0.5798,0.3649,3.626,2.568,23.293
237670740,"ATP Tokyo, Japan  - Round Of 32",2026-09-30T08:15:00Z,ATP,83892,Matteo Arnaldi,Hard,3,0.5659,0.5631997582463808,0.5481,83.0,83.7,84.1,80.6,68.5,50.2,False,13.625,13.225,1.329,1.17,76.99,5.96,3.84,0.5957,0.7168,0.4624,0.3445,4.731,3.265,26.85
237670740,"ATP Tokyo, Japan  - Round Of 32",2026-09-30T08:15:00Z,ATP,334253,Rei Sakamoto,Hard,3,0.4341,0.4368002417536192,0.4519,165.0,67.5,65.9,72.0,78.2,63.1,False,13.225,13.625,1.17,1.329,77.681,8.96,1.86,0.6352,0.7346,0.559,0.3549,5.087,3.448,26.85
238015100,"ATP Beijing, China  - Round Of 32",2026-09-30T09:00:00Z,ATP,77133,Zhizhen Zhang,Hard,3,0.3924,0.3734749989621639,0.2662,153.0,69.8,69.0,69.2,54.9,20.8,False,11.394,13.638,0.827,1.621,77.216,7.0,1.44,0.6421,0.6983,0.4378,0.3165,6.997,4.37,25.032
238015100,"ATP Beijing, China  - Round Of 32",2026-09-30T09:00:00Z,ATP,265685,Arthur Gea,Hard,3,0.6076,0.626525001037836,0.7338,97.0,81.0,79.0,84.3,63.3,96.6,False,13.638,11.394,1.621,0.827,74.014,4.41,3.81,0.6332,0.7096,0.5072,0.4068,4.977,3.362,25.032
237671220,"ATP Beijing, China  - Round Of 32",2026-09-30T11:00:00Z,ATP,77701,Nuno Borges,Hard,3,0.2733,0.25384559859739486,0.1438,37.0,92.9,93.3,92.3,87.2,25.3,False,11.507,14.342,0.563,1.802,74.337,6.43,1.98,0.6633,0.752,0.5015,0.3221,5.011,3.366,25.849
237671220,"ATP Beijing, China  - Round Of 32",2026-09-30T11:00:00Z,ATP,78918,Novak Djokovic,Hard,3,0.7267,0.7461544014026051,0.8562,4.0,99.4,99.4,99.4,83.4,71.8,False,14.342,11.507,1.802,0.563,67.014,5.46,2.18,0.6596,0.744,0.5318,0.3646,2.1,1.604,25.849
238179760,"ATP Tokyo, Japan  - Round Of 32",2026-10-01T16:00:00Z,ATP,76923,Jaume Munar,Hard,3,0.3204,0.3070662664266418,0.2317,46.0,91.1,90.7,91.1,84.1,67.6,False,12.514,14.528,0.757,1.667,76.011,6.32,1.93,0.6207,0.7457,0.5527,0.3602,4.513,3.122,27.042
238179760,"ATP Tokyo, Japan  - Round Of 32",2026-10-01T16:00:00Z,ATP,76966,Taylor Fritz,Hard,3,0.6796,0.6929337335733582,0.7683,6.0,99.0,99.0,98.6,96.6,51.2,False,14.528,12.514,1.667,0.757,70.279,11.72,1.76,0.6578,0.7829,0.5292,0.3455,2.387,1.801,27.042
238179690,"ATP Tokyo, Japan  - Round Of 32",2026-10-01T16:00:00Z,ATP,281154,Adolfo Daniel Vallejo,Hard,3,0.2897,0.2749805153254936,0.1917,141.0,72.2,71.8,73.0,53.9,67.3,False,10.631,13.718,0.68,1.736,76.34,4.34,4.09,0.6238,0.6976,0.4704,0.3591,7.528,4.561,24.349
238179690,"ATP Tokyo, Japan  - Round Of 32",2026-10-01T16:00:00Z,ATP,636011,Rafael Jodar,Hard,3,0.7103,0.7250194846745064,0.8083,33.0,93.7,93.7,94.8,48.8,87.9,False,13.718,10.631,1.736,0.68,72.108,3.99,2.02,0.6461,0.6868,0.5387,0.3844,4.82,3.27,24.349
237670750,"ATP Tokyo, Japan  - Round Of 32",2026-10-01T16:00:00Z,ATP,87163,Carlos Alcaraz,Hard,3,0.763,0.7797790206970959,0.8748,2.0,99.8,99.8,99.8,79.6,95.8,False,13.864,10.357,1.825,0.522,67.046,4.16,1.79,0.6773,0.7372,0.5705,0.4033,3.08,2.233,24.221
237670750,"ATP Tokyo, Japan  - Round Of 32",2026-10-01T16:00:00Z,ATP,258729,Alex Michelsen,Hard,3,0.237,0.22022097930290407,0.1252,25.0,95.2,94.8,96.8,75.4,71.2,False,10.357,13.864,0.522,1.825,73.913,6.23,2.43,0.6535,0.7301,0.524,0.3641,6.499,4.096,24.221
237670730,"ATP Tokyo, Japan  - Round Of 32",2026-10-01T16:00:00Z,ATP,77985,Sho Shimabukuro,Hard,3,0.2441,0.22897529730317934,0.1435,184.0,63.7,64.7,62.3,66.9,43.1,False,10.302,13.751,0.56,1.798,74.329,6.65,3.14,0.5812,0.7131,0.5182,0.3384,6.842,4.229,24.053
237670730,"ATP Tokyo, Japan  - Round Of 32",2026-10-01T16:00:00Z,ATP,78002,Denis Shapovalov,Hard,3,0.7559,0.7710247026968207,0.8565,36.0,93.1,92.5,94.6,74.8,85.9,False,13.751,10.302,1.798,0.56,68.425,7.22,4.7,0.5984,0.7286,0.4954,0.3819,3.667,2.606,24.053
237670710,"ATP Tokyo, Japan  - Round Of 32",2026-10-01T16:00:00Z,ATP,87325,Lorenzo Musetti,Hard,3,0.6939,0.7065735813914947,0.7783,12.0,97.8,98.0,98.0,58.1,87.1,False,13.659,10.887,1.693,0.729,72.687,5.13,2.42,0.6478,0.7023,0.5546,0.3832,4.906,3.336,24.546
237670710,"ATP Tokyo, Japan  - Round Of 32",2026-10-01T16:00:00Z,ATP,163396,Arthur Fery,Hard,3,0.3061,0.29342641860850527,0.2217,81.0,84.1,83.7,85.1,46.0,86.7,False,10.887,13.659,0.729,1.693,76.72,4.11,1.62,0.6177,0.6816,0.5336,0.3824,7.378,4.546,24.546
237670700,"ATP Tokyo, Japan  - Round Of 32",2026-10-01T16:00:00Z,ATP,81702,Kyrian Jacquet,Hard,3,0.2392,0.2234197007111033,0.134,127.0,75.0,75.0,75.2,71.6,78.7,False,10.064,13.685,0.536,1.814,74.007,6.31,3.06,0.573,0.7232,0.5147,0.3709,7.079,4.325,23.749
237670700,"ATP Tokyo, Japan  - Round Of 32",2026-10-01T16:00:00Z,ATP,161572,Holger Rune,Hard,3,0.7608,0.7765802992888967,0.866,13.0,97.6,97.4,98.2,89.7,92.7,False,13.685,10.064,1.814,0.536,67.996,6.84,2.96,0.6481,0.7576,0.5034,0.3957,3.753,2.646,23.749
237670690,"ATP Tokyo, Japan  - Round Of 32",2026-10-01T16:00:00Z,ATP,76890,Casper Ruud,Hard,3,0.5688,0.5766866640718428,0.6212,16.0,97.0,97.6,96.2,85.4,40.6,False,13.871,12.898,1.445,1.041,75.69,7.46,2.18,0.6718,0.7478,0.5478,0.3363,4.251,2.979,26.77
237670690,"ATP Tokyo, Japan  - Round Of 32",2026-10-01T16:00:00Z,ATP,116009,Luciano Darderi,Hard,3,0.4312,0.42331333592815723,0.3788,39.0,92.5,92.7,91.7,60.7,77.2,False,12.898,13.871,1.041,1.445,77.733,6.58,2.78,0.5992,0.7059,0.4852,0.3693,5.196,3.51,26.77
237670680,"ATP Tokyo, Japan  - Round Of 32",2026-10-01T16:00:00Z,ATP,77018,Ugo Humbert,Hard,3,0.3872,0.3756137624951954,0.3099,38.0,92.7,92.9,92.7,88.7,39.0,False,13.333,14.684,0.909,1.554,76.545,7.2,2.94,0.6302,0.7559,0.531,0.3354,3.93,2.81,28.017
237670680,"ATP Tokyo, Japan  - Round Of 32",2026-10-01T16:00:00Z,ATP,81263,Brandon Nakashima,Hard,3,0.6128,0.6243862375048046,0.6901,15.0,97.2,97.0,97.4,95.6,46.2,False,14.684,13.333,1.554,0.909,72.317,10.0,1.12,0.6544,0.7781,0.5125,0.341,2.467,1.873,28.017
237670660,"ATP Tokyo, Japan  - Round Of 32",2026-10-01T16:00:00Z,ATP,76914,Alejandro Davidovich Fokina,Hard,3,0.5666,0.5723292081861807,0.6047,21.0,96.0,95.8,95.6,64.1,53.0,False,14.489,13.746,1.421,1.075,74.899,4.2,1.67,0.7001,0.71,0.5302,0.3481,3.057,2.257,28.235
237670660,"ATP Tokyo, Japan  - Round Of 32",2026-10-01T16:00:00Z,ATP,76973,Matteo Berrettini,Hard,3,0.4334,0.4276707918138193,0.3953,43.0,91.7,91.9,91.3,88.3,27.0,False,13.746,14.489,1.075,1.421,77.096,9.93,1.97,0.6513,0.7552,0.55,0.3243,3.873,2.782,28.235
237670640,"ATP Tokyo, Japan  - Round Of 32",2026-10-01T16:00:00Z,ATP,77904,Frances Tiafoe,Hard,3,0.7932,0.8079281251079058,0.8916,8.0,98.6,98.6,98.8,80.0,68.3,False,13.534,9.449,1.848,0.472,66.737,4.96,1.58,0.5957,0.7376,0.5277,0.3616,3.906,2.732,22.983
237670640,"ATP Tokyo, Japan  - Round Of 32",2026-10-01T16:00:00Z,ATP,78013,Kei Nishikori,Hard,3,0.2068,0.1920718748920942,0.1084,135.0,73.4,72.6,74.2,31.0,78.4,False,9.449,13.534,0.472,1.848,72.953,1.72,2.63,0.668,0.6555,0.4577,0.3706,7.607,4.555,22.983
237671470,"WTA Beijing, China  - Round Of 128",2026-09-30T02:00:00Z,WTA,85408,Alina Charaeva,Hard,3,0.3582,0.3468189036138095,0.2826,173.0,70.1,70.8,69.3,71.3,68.2,False,10.523,13.034,0.864,1.591,78.41,3.08,5.02,0.6203,0.6251,0.423,0.4285,11.61,5.774,23.557
237671470,"WTA Beijing, China  - Round Of 128",2026-09-30T02:00:00Z,WTA,264238,Yuliia Starodubtseva,Hard,3,0.6418,0.6531810963861905,0.7174,81.0,86.1,85.1,87.5,65.7,76.9,False,13.034,10.523,1.591,0.864,78.114,1.79,2.22,0.6327,0.619,0.49,0.4366,10.112,5.503,23.557
237671460,"WTA Beijing, China  - Round Of 128",2026-09-30T02:00:00Z,WTA,77237,Kimberly Birrell,Hard,3,0.6703,0.6802489701636621,0.7366,61.0,89.6,88.4,90.1,56.3,85.2,False,13.042,10.355,1.623,0.824,77.877,1.88,6.17,0.6872,0.6069,0.4313,0.4472,11.271,5.693,23.397
237671460,"WTA Beijing, China  - Round Of 128",2026-09-30T02:00:00Z,WTA,82094,Aoi Ito,Hard,3,0.3297,0.31975102983633785,0.2634,207.0,64.2,53.0,67.9,42.3,92.0,False,10.355,13.042,0.824,1.623,77.677,0.35,5.78,0.6898,0.5873,0.3962,0.4583,12.837,5.926,23.397
237671450,"WTA Beijing, China  - Round Of 128",2026-09-30T02:00:00Z,WTA,79291,Anastasia Zakharova,Hard,3,0.7011,0.7101690756705467,0.7618,98.0,83.2,82.3,85.1,40.3,78.9,False,13.219,10.261,1.662,0.773,75.777,1.15,3.16,0.7172,0.5844,0.5175,0.4393,8.138,4.791,23.48
237671450,"WTA Beijing, China  - Round Of 128",2026-09-30T02:00:00Z,WTA,502532,Yushan Shao,Hard,3,0.2989,0.28983092432945334,0.2382,,,,,,,True,10.261,13.219,0.773,1.662,77.762,5.16,3.39,0.6315,0.6826,0.4833,0.3908,10.317,5.539,23.48
237671440,"WTA Beijing, China  - Round Of 128",2026-09-30T02:00:00Z,WTA,78019,Sofia Kenin,Hard,3,0.4018,0.3914093624921566,0.3324,133.0,77.1,79.2,74.8,67.1,23.2,False,11.276,13.071,0.957,1.519,79.265,1.86,5.45,0.6673,0.6214,0.4229,0.3759,9.293,5.244,24.347
237671440,"WTA Beijing, China  - Round Of 128",2026-09-30T02:00:00Z,WTA,162437,Ashlyn Krueger,Hard,3,0.5982,0.6085906375078434,0.6676,66.0,88.7,90.3,86.3,77.9,29.7,False,13.071,11.276,1.519,0.957,77.987,5.62,5.0,0.6917,0.64,0.4852,0.3855,7.971,4.774,24.347
237671430,"WTA Beijing, China  - Round Of 128",2026-09-30T02:00:00Z,WTA,77056,Magda Linette,Hard,3,0.4256,0.4189126953882627,0.381,62.0,89.4,89.6,88.2,74.3,45.0,False,11.351,12.681,1.043,1.438,79.746,4.14,2.74,0.6405,0.6316,0.4707,0.4058,10.938,5.743,24.032
237671430,"WTA Beijing, China  - Round Of 128",2026-09-30T02:00:00Z,WTA,78885,Katerina Siniakova,Hard,3,0.5744,0.5810873046117373,0.619,37.0,93.8,93.8,93.9,78.2,83.7,False,12.681,11.351,1.438,1.043,79.491,1.99,5.3,0.6403,0.6403,0.4306,0.4457,10.073,5.527,24.032
237671420,"WTA Beijing, China  - Round Of 128",2026-09-30T02:00:00Z,WTA,83663,Camila Osorio,Hard,3,0.5473,0.5459703379897546,0.5382,68.0,88.4,88.2,88.7,56.2,78.1,False,12.241,11.859,1.308,1.183,80.157,2.25,7.02,0.6577,0.606,0.4252,0.4383,11.199,5.839,24.1
237671420,"WTA Beijing, China  - Round Of 128",2026-09-30T02:00:00Z,WTA,256070,Lanlana Tararudee,Hard,3,0.4527,0.4540296620102454,0.4618,109.0,81.2,80.2,84.5,96.7,80.3,False,11.859,12.241,1.183,1.308,80.122,5.13,4.37,0.5805,0.697,0.424,0.4415,11.387,5.841,24.1
237721730,"WTA Beijing, China  - Round Of 128",2026-09-30T02:00:00Z,WTA,111575,Eva Lys,Hard,3,0.6903,0.6940267327969272,0.7149,99.0,83.0,82.6,83.5,30.6,88.7,False,13.007,10.549,1.587,0.873,77.877,1.09,5.14,0.6966,0.5696,0.3706,0.4516,9.779,5.359,23.555
237721730,"WTA Beijing, China  - Round Of 128",2026-09-30T02:00:00Z,WTA,742865,Xinran Sun,Hard,3,0.3097,0.30597326720307283,0.2851,,,,,,,True,10.549,13.007,0.873,1.587,78.542,5.21,3.42,0.6315,0.6826,0.4833,0.3908,11.428,5.807,23.555
237671410,"WTA Beijing, China  - Round Of 128",2026-09-30T02:00:00Z,WTA,77380,Paula Badosa,Hard,3,0.5544,0.5581020889207213,0.5793,36.0,93.9,93.9,93.6,88.0,77.9,False,12.553,11.625,1.387,1.113,80.397,4.56,8.08,0.5768,0.6653,0.4062,0.438,12.534,6.071,24.178
237671410,"WTA Beijing, China  - Round Of 128",2026-09-30T02:00:00Z,WTA,78853,Daria Kasatkina,Hard,3,0.4456,0.44189791107927867,0.4207,52.0,91.1,91.5,89.2,28.5,96.3,False,11.625,12.553,1.113,1.387,80.427,1.88,7.86,0.6804,0.5652,0.397,0.473,13.083,6.158,24.178
237671400,"WTA Beijing, China  - Round Of 128",2026-09-30T02:00:00Z,WTA,79566,Lin Zhu,Hard,3,0.4785,0.4786180375302842,0.4791,115.0,80.2,80.7,78.5,32.2,84.7,False,11.939,12.152,1.214,1.279,79.909,1.74,3.09,0.6655,0.5711,0.4831,0.4467,11.216,5.81,24.091
237671400,"WTA Beijing, China  - Round Of 128",2026-09-30T02:00:00Z,WTA,84526,Alycia Parks,Hard,3,0.5215,0.5213819624697158,0.5209,111.0,80.9,81.2,80.9,95.0,43.3,False,12.152,11.939,1.279,1.214,79.941,6.71,7.47,0.5546,0.6855,0.4091,0.4028,11.049,5.747,24.091
237671390,"WTA Beijing, China  - Round Of 128",2026-09-30T02:00:00Z,WTA,79454,Panna Udvardy,Hard,3,0.6036,0.6022548532531244,0.5945,103.0,82.3,83.0,80.0,68.1,31.7,False,12.593,11.533,1.403,1.085,79.412,4.01,3.49,0.6259,0.6221,0.4443,0.388,9.96,5.477,24.126
237671390,"WTA Beijing, China  - Round Of 128",2026-09-30T02:00:00Z,WTA,85199,Xinyu Gao,Hard,3,0.3964,0.39774514674687556,0.4055,335.0,42.0,41.1,44.4,65.9,77.6,False,11.533,12.593,1.085,1.403,79.969,1.5,2.33,0.7189,0.6195,0.4364,0.4375,10.748,5.746,24.126
237671380,"WTA Beijing, China  - Round Of 128",2026-09-30T02:00:00Z,WTA,80385,Elena-Gabriela Ruse,Hard,3,0.5554,0.5571167404214156,0.5669,43.0,92.7,92.7,93.1,78.9,81.3,False,12.441,11.701,1.358,1.137,80.039,4.04,5.67,0.5987,0.6413,0.43,0.4426,10.674,5.691,24.142
237671380,"WTA Beijing, China  - Round Of 128",2026-09-30T02:00:00Z,WTA,597164,Lilli Tagger,Hard,3,0.4446,0.44288325957858443,0.4331,90.0,84.5,83.5,87.2,81.9,70.6,False,11.701,12.441,1.137,1.358,80.204,4.76,3.25,0.677,0.6478,0.4575,0.4307,11.155,5.813,24.142
237671370,"WTA Beijing, China  - Round Of 128",2026-09-30T02:00:00Z,WTA,81284,Viktorija Golubic,Hard,3,0.4642,0.4551475072340252,0.404,64.0,89.1,90.5,86.5,35.7,76.1,False,11.483,12.567,1.086,1.405,79.954,0.66,2.75,0.7417,0.5774,0.4479,0.4358,12.62,6.02,24.049
237671370,"WTA Beijing, China  - Round Of 128",2026-09-30T02:00:00Z,WTA,262294,Alina Korneeva,Hard,3,0.5358,0.5448524927659748,0.596,70.0,88.0,87.2,89.6,76.3,99.1,False,12.567,11.483,1.405,1.086,80.102,3.13,4.74,0.6518,0.6372,0.4138,0.4872,12.012,5.952,24.049
237671360,"WTA Beijing, China  - Round Of 128",2026-09-30T02:00:00Z,WTA,77058,Anhelina Kalinina,Hard,3,0.4972,0.4990671948028763,0.5094,84.0,85.6,86.5,84.0,52.3,80.9,False,12.242,12.122,1.271,1.233,80.169,1.8,3.73,0.7049,0.6007,0.4737,0.442,10.15,5.538,24.364
237671360,"WTA Beijing, China  - Round Of 128",2026-09-30T02:00:00Z,WTA,558996,Janice Tjen,Hard,3,0.5028,0.5009328051971237,0.4906,108.0,81.4,80.6,83.7,89.3,37.0,False,12.122,12.242,1.233,1.271,80.374,4.66,4.08,0.6073,0.6686,0.4572,0.3961,10.255,5.583,24.364
237671350,"WTA Beijing, China  - Round Of 128",2026-09-30T02:00:00Z,WTA,79004,Tamara Korpatsch,Hard,3,0.5561,0.5619148689979842,0.5951,80.0,86.3,85.6,87.0,29.0,92.9,False,12.588,11.506,1.409,1.088,80.301,2.08,3.94,0.6672,0.5661,0.5062,0.4608,11.903,5.992,24.094
237671350,"WTA Beijing, China  - Round Of 128",2026-09-30T02:00:00Z,WTA,181646,Taylah Preston,Hard,3,0.4439,0.43808513100201585,0.4049,127.0,78.1,76.2,81.6,37.6,74.6,False,11.506,12.588,1.088,1.409,80.209,2.11,4.44,0.6781,0.5793,0.4631,0.4345,12.459,6.017,24.094
237671340,"WTA Beijing, China  - Round Of 128",2026-09-30T02:00:00Z,WTA,77167,Polina Kudermetova,Hard,3,0.4886,0.4890993236578004,0.492,129.0,77.8,78.5,75.5,59.8,61.7,False,12.081,12.112,1.241,1.26,80.51,3.88,7.92,0.6123,0.6094,0.4197,0.4208,11.524,5.913,24.193
237671340,"WTA Beijing, China  - Round Of 128",2026-09-30T02:00:00Z,WTA,87148,Mayar Sherif Ahmed Abdelaziz,Hard,3,0.5114,0.5109006763421996,0.508,86.0,85.2,88.0,78.3,27.0,49.7,False,12.112,12.081,1.26,1.241,80.41,0.72,2.31,0.742,0.563,0.4454,0.4098,11.438,5.839,24.193
237671330,"WTA Beijing, China  - Round Of 128",2026-09-30T02:00:00Z,WTA,79553,Yue Yuan,Hard,3,0.4837,0.48915984241484534,0.52,135.0,76.7,76.9,78.8,83.9,68.4,False,12.207,11.986,1.283,1.218,80.461,3.56,1.89,0.6377,0.654,0.4437,0.429,11.312,5.847,24.194
237671330,"WTA Beijing, China  - Round Of 128",2026-09-30T02:00:00Z,WTA,82710,Oleksandra Oliynykova,Hard,3,0.5163,0.5108401575851547,0.48,113.0,80.6,81.4,80.4,19.3,66.8,False,11.986,12.207,1.218,1.283,80.4,0.85,4.0,0.7066,0.5458,0.4573,0.4268,11.399,5.82,24.194
237671320,"WTA Beijing, China  - Round Of 128",2026-09-30T02:00:00Z,WTA,77970,Maria Timofeeva,Hard,3,0.5332,0.5316093318215541,0.5224,106.0,81.8,81.6,82.3,45.1,89.4,False,12.233,11.964,1.288,1.212,80.51,2.52,3.93,0.6295,0.59,0.4263,0.4523,11.468,5.859,24.197
237671320,"WTA Beijing, China  - Round Of 128",2026-09-30T02:00:00Z,WTA,82775,Darja Vidmanova,Hard,3,0.4668,0.4683906681784459,0.4776,147.0,74.7,73.3,76.7,85.2,67.3,False,11.964,12.233,1.212,1.288,80.644,4.74,2.94,0.6471,0.6563,0.4515,0.4277,11.722,5.984,24.197
237671310,"WTA Beijing, China  - Round Of 128",2026-09-30T02:00:00Z,WTA,80690,Sinja Kraus,Hard,3,0.3591,0.35533109195177065,0.3337,155.0,73.3,74.3,71.4,54.1,70.4,False,10.922,12.844,0.953,1.516,79.091,2.31,3.31,0.5978,0.6027,0.4797,0.4307,11.906,5.849,23.766
237671310,"WTA Beijing, China  - Round Of 128",2026-09-30T02:00:00Z,WTA,296844,Maya Joint,Hard,3,0.6409,0.6446689080482293,0.6663,78.0,86.6,85.4,88.5,46.4,71.8,False,12.844,10.922,1.516,0.953,78.915,1.84,3.94,0.6359,0.5926,0.4499,0.4317,10.761,5.654,23.766
237671300,"WTA Beijing, China  - Round Of 128",2026-09-30T02:00:00Z,WTA,80632,Dayana Yastremska,Hard,3,0.3785,0.36836049853457353,0.3109,105.0,81.9,82.1,81.4,41.9,57.4,False,10.756,12.915,0.916,1.553,78.904,2.55,6.07,0.6257,0.5869,0.4526,0.4173,11.792,5.886,23.671
237671300,"WTA Beijing, China  - Round Of 128",2026-09-30T02:00:00Z,WTA,81294,Caty McNally,Hard,3,0.6215,0.6316395014654265,0.6891,41.0,93.1,93.2,92.2,59.8,79.7,False,12.915,10.756,1.553,0.916,78.396,1.69,3.91,0.7204,0.6094,0.4517,0.44,10.352,5.506,23.671
237671280,"WTA Beijing, China  - Round Of 128",2026-09-30T02:00:00Z,WTA,77251,Anna Bondar,Hard,3,0.612,0.6203001364032387,0.6672,71.0,87.8,88.5,86.6,70.1,64.7,False,12.925,11.035,1.522,0.961,79.041,3.54,3.02,0.6225,0.6234,0.4958,0.4243,9.72,5.42,23.96
237671280,"WTA Beijing, China  - Round Of 128",2026-09-30T02:00:00Z,WTA,77307,Renata Zarazua,Hard,3,0.388,0.37969986359676133,0.3328,162.0,72.0,72.4,72.9,34.0,46.8,False,11.035,12.925,0.961,1.522,79.607,0.55,1.86,0.7603,0.5743,0.4881,0.4071,10.992,5.777,23.96
